"","iso_code","continent","total_cases","new_cases","total_deaths","new_deaths","total_cases_per_million","new_cases_per_million","total_deaths_per_million","new_deaths_per_million","total_tests","new_tests","total_tests_per_thousand","new_tests_per_thousand","new_tests_smoothed","new_tests_smoothed_per_thousand","stringency_index","population","population_density","median_age","aged_65_older","aged_70_older","gdp_per_capita","extreme_poverty","cvd_death_rate","diabetes_prevalence","female_smokers","male_smokers","handwashing_facilities","hospital_beds_per_thousand","datestime"
"1","AFG","Asia",6402,1063,168,32,164.456,27.307,4.316,0.822,53705,11590.3171981826,1.38,0.478731413513021,9322.55842395497,0.416967308344982,84.26,38928341,54.422,18.6,2.581,1.337,1803.987,42,597.029,9.59,0.3,14.7,37.746,0.5,137
"2","ALB","Europe",1341,42,34,0,465.981,14.594,11.815,0,17618,13638.1478773149,6.122,0.704237414321466,15123.6878734078,0.652384570702569,83.2890909090909,2877800,104.871,38,13.188,8.643,11803.431,1.1,304.195,10.08,7.1,51.2,94.2155,2.89,163
"3","DZA","Africa",9831,205,681,14,224.191,4.675,15.53,0.319,63135.6170783045,4016.05996680804,7.34008733163451,0.0868280980559793,3394.7138020026,0.0759311378276896,43.2975333333333,43851043,17.348,29.1,6.211,3.857,13913.839,0.5,278.364,6.73,0.7,30.4,83.741,1.9,157
"4","AND","Europe",844,79,51,0,10923.445,1022.455,660.066,0,3750,13638.1478773149,48.538,0.704237414321466,15123.6878734078,0.652384570702569,48.2775949367089,77265,163.755,42.07,17.719625,14.14,42029.76,0,109.135,7.97,29,37.8,94.2155,2.5,155
"5","AGO","Africa",113,17,4,0,3.438,0.517,0.122,0,10000,4016.05996680804,0.305,0.0868280980559793,3394.7138020026,0.0759311378276896,79.2957333333333,32866268,23.89,16.8,2.405,1.362,5819.495,20,276.045,3.94,1.6,14.2,26.664,0.8,163
"6","AIA","North America",2,2,0,0,133.316,133.316,0,0,725110.390214974,104336.118421828,28.4241561972426,0.51562571519761,70118.6853920516,0.419774732524589,74.9215045327897,15002,270.565545454545,33.128,9.945,6.22796,21655.2437037037,8.3,197.066884615385,10.8809677419355,7.73125,20.1666666666667,75.9312142857143,2.31652173913043,87
"7","ATG","North America",15,6,0,0,153.174,61.27,0,0,489,104336.118421828,4.996,0.51562571519761,70118.6853920516,0.419774732524589,74.9215045327897,97928,231.845,32.1,6.933,4.631,21490.943,14.4,191.511,13.17,4.2,4.6,75.9312142857143,3.8,95
"8","ARG","South America",21024,1769,632,44,465.176,39.141,13.984,0.974,189278,5416,4.188,0.12,4857,0.107,90.74,45195777,16.177,31.9,11.198,7.441,18933.907,0.6,191.032,5.5,16.2,27.7,65.9906666666667,5,158
"9","ARM","Asia",13130,766,200,10,4430.97,258.501,67.494,3.375,77686,11590.3171981826,26.219,0.478731413513021,9322.55842395497,0.416967308344982,70.1410910283143,2963234,102.931,35.7,11.232,7.571,8787.58,1.8,341.01,7.11,1.5,52.1,94.043,4.2,160
"10","ABW","North America",50,22,0,0,468.314,206.058,0,0,2199,104336.118421828,20.601,0.51562571519761,70118.6853920516,0.419774732524589,82.41,106766,584.8,41.2,13.085,7.452,35973.781,0,197.066884615385,11.62,16.2,16.6,75.9312142857143,2.31652173913043,90
"11","AUS","Oceania",1709,611,7,0,67.02,23.961,0.275,0,814876.402985075,20880.640625,31.9560597014925,0.8188125,19373.4027777778,0.759736111111111,50,25499881,3.202,37.9,15.504,10.129,44648.71,0.5,107.791,5.07,13,16.5,95,3.84,83
"12","AUT","Europe",7029,1141,52,18,780.445,126.688,5.774,1.999,39552,3557,4.392,0.395,3420,0.38,85.19,9006400,106.749,44.4,19.202,13.748,45436.686,0.7,145.183,6.35,28.4,30.9,95,7.37,87
"13","AZE","Asia",7239,379,84,2,713.963,37.38,8.285,0.197,362654,11590.3171981826,35.785,0.478731413513021,9322.55842395497,0.416967308344982,47.0121476510067,10139175,119.309,32.4,6.018,3.871,15847.419,5.9,559.812,7.11,0.3,42.5,83.241,4.7,159
"14","BHS","North America",89,6,11,0,226.32,15.258,27.972,0,725110.390214974,104336.118421828,28.4241561972426,0.51562571519761,70118.6853920516,0.419774732524589,74.9215045327897,393248,39.497,34.3,8.996,5.2,27717.847,8.3,235.954,13.17,3.1,20.4,55,2.9,127
"15","BHR","Asia",16200,783,29,3,9520.546,460.16,17.043,1.763,154733.25,4714.68571428571,90.9348,2.77074285714286,3918.26666666667,2.3027,44.6028947368421,1701583,1935.907,32.4,2.372,1.387,43290.705,0,151.689,16.52,5.8,37.6,95,2,162
"16","BGD","Asia",74865,3190,1012,37,454.583,19.37,6.145,0.225,94535.5729166667,4370.36170212766,0.574083333333333,0.0265425531914894,4130.43333333333,0.0250444444444444,77.44125,164689383,1265.036,27.5,5.098,3.262,3523.984,14.8,298.003,8.38,1,44.7,34.808,0.8,163
"17","BRB","North America",45,11,0,0,156.592,38.278,0,0,6321,104336.118421828,21.997,0.51562571519761,70118.6853920516,0.419774732524589,73.15,287371,664.463,39.8,14.952,9.473,16978.068,3.6,170.05,13.57,1.9,14.5,88.469,5.8,93
"18","BLR","Europe",6264,1485,51,4,662.905,157.154,5.397,0.423,108545,5979,11.487,0.633,5239,0.554,13.89,9449321,46.858,40.3,14.799,9.788,17167.967,0.874193548387097,443.129,5.18,10.5,46.1,94.2155,11,112
"19","BEL","Europe",33573,2454,4440,283,2896.817,211.741,383.102,24.418,132793,6734,11.458,0.581,5937,0.512,81.48,11589616,375.564,41.8,18.571,12.849,42658.576,0.2,114.898,4.29,25.1,31.4,94.2155,5.64,107
"20","BLZ","North America",18,4,2,0,45.269,10.06,5.03,0,1776,104336.118421828,4.471,0.51562571519761,70118.6853920516,0.419774732524589,63.89,397621,16.426,25,3.853,2.279,7824.362,43.6,176.957,17.11,13.2,13.6,90.083,1.3,105
"21","BEN","Africa",242,102,2,0,19.962,8.414,0.165,0,45637,4016.05996680804,3.771,0.0868280980559793,3394.7138020026,0.0759311378276896,70.83,12123198,99.11,18.8,3.244,1.942,2064.236,49.6,235.848,0.99,0.6,12.3,11.035,0.5,130
"22","BMU","North America",81,24,5,0,1300.724,385.4,80.292,0,8430,104336.118421828,135.337,0.51562571519761,70118.6853920516,0.419774732524589,96.3,62273,1308.82,33.128,9.945,6.22796,50669.315,8.3,139.547,13,7.73125,20.1666666666667,75.9312142857143,2.31652173913043,107
"23","BTN","Asia",59,11,0,0,76.463,14.256,0,0,20529,11590.3171981826,26.622,0.478731413513021,9322.55842395497,0.416967308344982,67.7338554216867,771612,21.188,28.6,4.885,2.977,8708.597,1.5,217.066,9.75,4.68974358974359,39.0564102564103,79.807,1.7,160
"24","BOL","South America",9592,861,310,10,821.723,73.76,26.557,0.857,28957,718,2.481,0.062,995,0.085,87.96,11673029,10.202,25.4,6.704,4.393,6885.829,7.1,204.299,6.89,10.9333333333333,24.6625,25.383,1.1,152
"25","BES","North America",2,2,0,0,76.275,76.275,0,0,725110.390214974,104336.118421828,28.4241561972426,0.51562571519761,70118.6853920516,0.419774732524589,74.9215045327897,26221,270.565545454545,33.128,9.945,6.22796,21655.2437037037,8.3,197.066884615385,10.8809677419355,7.73125,20.1666666666667,75.9312142857143,2.31652173913043,93
"26","BIH","Europe",1689,101,64,2,514.811,30.785,19.507,0.61,75171,13638.1478773149,22.906,0.704237414321466,15123.6878734078,0.652384570702569,90.74,3280815,68.496,42.5,16.569,10.711,11713.895,0.2,329.635,10.08,30.2,47.7,97.164,3.5,122
"27","BWA","Africa",48,6,1,0,20.411,2.551,0.425,0,26238,4016.05996680804,11.171,0.0868280980559793,3394.7138020026,0.0759311378276896,78.0330769230769,2351625,4.044,25.8,3.941,2.242,15807.374,33.7642857142857,237.372,4.81,5.7,34.4,25.1552727272727,1.8,163
"28","BRA","South America",498440,33274,28834,956,2344.944,156.54,135.651,4.498,226817.333333333,5925.71031746032,1.067,0.246775793650794,8235.97826086957,0.0390869565217391,81.02,212559409,25.04,33.5,8.552,5.06,14103.452,3.4,177.961,8.11,10.1,17.9,65.9906666666667,2.2,152
"29","VGB","North America",2,2,0,0,66.144,66.144,0,0,212,104336.118421828,0.715,0.51562571519761,70118.6853920516,0.419774732524589,74.9215045327897,30237,207.973,33.128,9.945,6.22796,21655.2437037037,8.3,197.066884615385,13.67,7.73125,20.1666666666667,75.9312142857143,2.31652173913043,87
"30","BRN","Asia",25,14,0,0,57.145,32.001,0,0,24131,11590.3171981826,55.188,0.478731413513021,9322.55842395497,0.416967308344982,50,437483,81.347,32.4,4.591,2.382,71809.251,6.75483870967742,201.285,12.79,2,30.9,72.0893461538462,2.7,73
"31","BGR","Europe",1188,91,54,2,170.974,13.096,7.772,0.288,65387.9302325581,1131.43243243243,9.41041860465116,0.162783783783784,1339,0.193,73.15,6948445,65.18,44.7,20.801,13.272,18563.307,1.5,424.688,5.81,30.1,44.4,94.2155,7.454,116
"32","BFA","Africa",345,43,17,1,16.505,2.057,0.813,0.048,63135.6170783045,4016.05996680804,7.34008733163451,0.0868280980559793,3394.7138020026,0.0759311378276896,84.26,20903278,70.151,17.6,2.409,1.358,1703.102,43.7,269.048,2.42,1.6,23.9,11.877,0.4,97
"33","BDI","Africa",63,21,1,0,5.298,1.766,0.084,0,382,4016.05996680804,0.032,0.0868280980559793,3394.7138020026,0.0759311378276896,22.22,11890781,423.062,17.5,2.562,1.504,702.225,71.7,293.068,6.05,2.55945945945946,27.0675675675676,6.144,0.8,153
"34","KHM","Asia",86,35,0,0,5.144,2.093,0,0,25884,11590.3171981826,1.549,0.478731413513021,9322.55842395497,0.416967308344982,49.07,16718971,90.672,25.6,4.412,2.385,3645.07,6.75483870967742,270.892,4,2,33.7,66.229,0.8,83
"35","CMR","Africa",7599,810,203,0,286.259,30.513,7.647,0,63135.6170783045,4016.05996680804,7.34008733163451,0.0868280980559793,3394.7138020026,0.0759311378276896,60.6385,26545864,50.885,18.8,3.165,1.919,3364.926,23.8,244.661,7.2,2.55945945945946,27.0675675675676,2.735,1.3,158
"36","CAN","North America",59474,2760,3682,116,1575.798,73.128,97.557,3.073,919368,25878,24.359,0.686,28845,0.764,72.69,37742157,4.037,41.4,16.984,10.797,44017.591,0.5,105.599,7.37,12,16.6,75.9312142857143,2.5,125
"37","CPV","Africa",55,44,1,0,98.923,79.138,1.799,0,63135.6170783045,4016.05996680804,7.34008733163451,0.0868280980559793,3394.7138020026,0.0759311378276896,75.93,555988,135.58,25.7,4.46,3.437,6222.554,33.7642857142857,182.219,2.42,2.1,16.5,25.1552727272727,2.1,107
"38","CYM","North America",111,17,1,0,1688.984,258.673,15.216,0,16628,104336.118421828,253.171,0.51562571519761,70118.6853920516,0.419774732524589,74.9215045327897,65720,256.496,33.128,9.945,6.22796,49903.029,8.3,197.066884615385,13.22,7.73125,20.1666666666667,75.9312142857143,2.31652173913043,141
"39","CAF","Africa",1850,216,5,0,383.041,44.723,1.035,0,63135.6170783045,4016.05996680804,7.34008733163451,0.0868280980559793,3394.7138020026,0.0759311378276896,60.6556164383562,4829764,7.479,18.3,3.655,2.251,661.24,33.7642857142857,435.727,6.1,2.55945945945946,27.0675675675676,16.603,1,161
"40","TCD","Africa",253,83,27,10,15.403,5.053,1.644,0.609,63135.6170783045,4016.05996680804,7.34008733163451,0.0868280980559793,3394.7138020026,0.0759311378276896,88.89,16425859,11.833,16.7,2.486,1.446,1768.153,38.4,280.995,6.1,2.55945945945946,27.0675675675676,5.818,1.48829268292683,129
"41","CHL","South America",134150,6405,2190,649,7017.605,335.056,114.562,33.95,728815,20042,38.125,1.048,18518,0.969,63.4322727272727,19116209,24.282,35.4,11.087,6.938,22767.037,1.3,127.993,8.46,34.2,41.5,65.9906666666667,2.11,160
"42","CHN","Asia",59865,15141,1368,254,41.592,10.52,0.95,0.176,222760.246662944,11590.3171981826,18.5326948050684,0.478731413513021,9322.55842395497,0.416967308344982,75.46,1439323774,147.674,38.7,10.641,5.929,15308.712,0.7,261.899,9.74,1.9,48.4,72.0893461538462,4.34,44
"43","COL","South America",35120,1766,1087,42,690.212,34.707,21.363,0.825,386938,12346,7.604,0.243,11504,0.226,87.04,50882884,44.223,32.2,7.646,4.312,13254.949,4.5,124.24,7.44,4.7,13.5,65.386,1.71,157
"44","COM","Africa",78,44,1,0,89.697,50.598,1.15,0,63135.6170783045,4016.05996680804,7.34008733163451,0.0868280980559793,3394.7138020026,0.0759311378276896,71.5864093408156,869595,437.352,20.4,2.963,1.726,1413.89,18.1,261.516,11.88,4.4,23.6,15.574,2.2,144
"45","COG","Africa",391,50,15,4,70.858,9.061,2.718,0.725,63135.6170783045,4016.05996680804,7.34008733163451,0.0868280980559793,3394.7138020026,0.0759311378276896,97.22,5518092,15.405,19,3.402,2.063,4881.406,37,344.094,7.2,1.7,52.3,47.964,1.48829268292683,136
"46","CRI","North America",1461,86,12,1,286.802,16.882,2.356,0.196,9410.9010989011,241.021978021978,1.84741758241758,0.0473406593406593,247.416666666667,0.0485357142857143,68.624947368421,5094114,96.079,33.6,9.468,5.694,15524.995,1.3,137.973,8.78,6.4,17.4,83.841,1.13,163
"47","CIV","Africa",3262,238,35,2,123.662,9.023,1.327,0.076,34272,4016.05996680804,1.301,0.0868280980559793,3394.7138020026,0.0759311378276896,70.65075,26378275,76.399,18.7,2.933,1.582,3601.006,28.2,303.74,2.42,2.55945945945946,27.0675675675676,19.351,1.48829268292683,157
"48","HRV","Europe",963,96,6,0,234.577,23.385,1.462,0,8352,672,2.034,0.164,592,0.144,96.3,4105268,73.726,44,19.724,13.053,22669.797,0.7,253.782,5.59,34.3,39.9,94.2155,5.54,93
"49","CUB","North America",1611,74,66,2,142.231,6.533,5.827,0.177,55542,1997,4.904,0.176,1984,0.175,83.33,11326616,110.408,43.1,14.738,9.719,21655.2437037037,8.3,190.968,8.27,17.1,53.3,85.198,5.2,124
"50","CUW","North America",6,3,0,0,36.563,18.282,0,0,1080,104336.118421828,6.583,0.51562571519761,70118.6853920516,0.419774732524589,74.9215045327897,164100,362.644,41.7,16.367,10.068,21655.2437037037,8.3,197.066884615385,11.62,7.73125,20.1666666666667,75.9312142857143,2.31652173913043,84
"51","CYP","Europe",320,58,9,1,365.339,66.218,10.275,1.142,134706,13638.1478773149,111.614,0.704237414321466,15123.6878734078,0.652384570702569,92.59,875899,127.657,37.3,13.416,8.563,32415.132,0.874193548387097,141.171,9.24,19.6,52.7,94.2155,3.4,93
"52","CZE","Europe",2062,408,9,3,192.549,38.099,0.84,0.28,37096,5359,3.464,0.5,3305,0.309,82.41,10708982,137.176,43.3,19.027,11.58,32605.906,0.874193548387097,227.485,6.82,30.5,38.3,94.2155,6.63,87
"53","COD","Africa",2545,248,67,0,28.416,2.769,0.748,0,63135.6170783045,4016.05996680804,7.34008733163451,0.0868280980559793,3394.7138020026,0.0759311378276896,80.56,89561404,35.879,17,3.02,1.745,808.133,77.1,318.949,6.1,2.55945945945946,27.0675675675676,4.472,1.48829268292683,148
"54","DNK","Europe",5071,390,203,16,875.487,67.332,35.047,2.762,57535,5991,9.933,1.034,4394,0.759,72.22,5792203,136.52,42.3,19.677,12.325,46682.515,0.2,114.767,6.41,19.3,18.8,94.2155,2.5,99
"55","DJI","Africa",1828,310,9,2,1850.199,313.765,9.109,2.024,40356,4016.05996680804,40.88,0.0868280980559793,3394.7138020026,0.0759311378276896,56.48,988002,41.285,25.4,4.213,2.38,2705.406,22.5,258.037,6.05,1.7,24.5,25.1552727272727,1.4,142
"56","DMA","North America",7,5,0,0,97.234,69.453,0,0,534,104336.118421828,7.419,0.51562571519761,70118.6853920516,0.419774732524589,25,71991,98.567,33.128,9.945,6.22796,9673.367,8.3,227.376,11.62,7.73125,20.1666666666667,75.9312142857143,3.8,86
"57","DOM","North America",15073,651,460,2,1389.485,60.012,42.405,0.184,100035,104336.118421828,9.227,0.51562571519761,70118.6853920516,0.419774732524589,84.26,10847904,222.873,27.6,6.981,4.419,14600.861,1.6,266.653,8.2,8.5,19.1,55.182,1.6,147
"58","ECU","South America",22719,11536,576,0,1287.702,653.855,32.647,0,31134,5925.71031746032,1.765,0.246775793650794,1611,0.091,93.52,17643060,66.939,28.1,7.104,4.458,10581.936,3.6,140.448,5.55,2,12.3,80.635,1.5,118
"59","EGY","Africa",24985,1536,959,46,244.151,15.01,9.371,0.45,135000,4016.05996680804,1.321,0.0868280980559793,3394.7138020026,0.0759311378276896,84.26,102334403,97.999,25.3,5.159,2.891,10550.206,1.3,525.432,17.31,0.2,50.1,89.827,1.6,153
"60","SLV","North America",2517,239,46,3,388.055,36.847,7.092,0.463,91837,2479,14.159,0.382,2384,0.368,100,6486201,307.811,27.6,8.273,5.417,7292.458,2.2,167.295,8.87,2.5,18.8,90.65,1.3,152
"61","GNQ","Africa",1306,263,12,0,930.872,187.457,8.553,0,100035,4016.05996680804,9.227,0.0868280980559793,3394.7138020026,0.0759311378276896,71.5864093408156,1402985,45.194,22.4,2.846,1.752,22604.873,33.7642857142857,202.812,7.78,2.55945945945946,27.0675675675676,24.64,2.1,152
"62","ERI","Africa",29,7,0,0,8.177,1.974,0,0,63135.6170783045,4016.05996680804,7.34008733163451,0.0868280980559793,3394.7138020026,0.0759311378276896,93.52,3546427,44.304,19.3,3.607,2.171,1510.459,33.7642857142857,311.11,6.05,0.2,11.4,25.1552727272727,0.7,96
"63","EST","Europe",538,134,1,0,405.567,101.015,0.754,0,9374,1253,7.067,0.945,876,0.66,72.22,1326539,31.033,42.7,19.452,13.491,29481.252,0.5,255.569,4.02,24.5,39.3,94.2155,4.69,87
"64","ETH","Africa",2336,180,32,5,20.319,1.566,0.278,0.043,45332.7692307692,2323.33333333333,0.394384615384615,0.0202121212121212,1750.97435897436,0.0153205128205128,64.874625,114963583,104.957,19.8,3.526,2.063,1729.927,26.7,182.634,7.47,0.4,8.5,7.96,0.3,162
"65","FRO","Europe",72,72,0,0,1473.447,1473.447,0,0,10708,13638.1478773149,219.184,0.704237414321466,15123.6878734078,0.652384570702569,76.9023147587023,48865,35.308,42.07,17.719625,11.83035,33562.2263023256,0.874193548387097,230.159414634146,6.55840909090909,23.4025,35.5925,94.2155,5.10404545454545,80
"66","FLK","South America",11,6,0,0,3158.197,1722.653,0,0,671,5925.71031746032,193.205,0.246775793650794,5569.26458288269,0.209497224024804,83.1126185731186,3483,24.392,30.2166666666667,8.27725,5.186,13840.78525,2.86666666666667,187.323916666667,7.81083333333333,10.9333333333333,24.6625,65.9906666666667,2.06833333333333,106
"67","FJI","Oceania",12,5,0,0,13.386,5.578,0,0,2431,11486.8203125,2.713,0.62640625,10614.2013888889,0.572368055555555,87.04,896444,49.562,28.6,6.224,3.284,8702.975,1.4,412.82,14.49,10.2,34.8,95,2.3,95
"68","FIN","Europe",1882,267,25,5,339.667,48.189,4.512,0.902,33825,1647,6.105,0.297,1792,0.323,60.19,5540718,18.136,42.8,21.228,13.264,40585.721,0.874193548387097,153.507,5.76,18.3,22.6,94.2155,3.28,96
"69","FRA","Europe",52128,7578,3523,499,798.609,116.096,53.973,7.645,1384633,32461.5384615385,21.215,0.497615384615385,32552,0.499,90.74,65273512,122.578,42,19.718,13.079,38605.671,0.874193548387097,86.06,4.77,30.1,35.6,94.2155,5.98,92
"70","PYF","Oceania",15,12,0,0,53.399,42.719,0,0,4262,11486.8203125,15.177,0.62640625,10614.2013888889,0.572368055555555,75.186,280904,77.324,32.7,7.775,4.593,23315.1805,0.95,286.065333333333,22.63,15.375,29.325,95,2.91666666666667,81
"71","GAB","Africa",1934,206,12,0,868.929,92.554,5.391,0,19517,4016.05996680804,8.782,0.0868280980559793,3394.7138020026,0.0759311378276896,82.41,2225728,7.859,23.1,4.45,2.976,16562.413,3.4,259.967,7.2,2.55945945945946,27.0675675675676,25.1552727272727,6.3,145
"72","GMB","Africa",17,5,1,0,7.034,2.069,0.414,0,1970,4016.05996680804,0.817,0.0868280980559793,3394.7138020026,0.0759311378276896,78.7,2416664,207.566,17.5,2.339,1.417,1561.767,10.1,331.43,1.91,0.7,31.2,7.876,1.1,124
"73","GEO","Asia",582,43,8,2,145.895,10.779,2.005,0.501,70569,11590.3171981826,17.689,0.478731413513021,9322.55842395497,0.416967308344982,96.3,3989175,65.032,38.7,14.864,10.244,9745.079,4.2,496.218,7.11,5.3,55.5,72.0893461538462,2.6,123
"74","DEU","Europe",48582,6294,325,72,579.849,75.122,3.879,0.859,2112071.38461538,13638.1478773149,25.2086923076923,0.704237414321466,51382,0.613,73.15,83783945,237.016,46.6,21.453,15.957,45229.245,0.874193548387097,156.139,8.31,28.2,33.1,94.2155,8,88
"75","GHA","Africa",4012,921,18,0,129.116,29.64,0.579,0,134038.961538462,3233.29411764706,4.31361538461538,0.104117647058824,3498,0.113,62.04,31072945,126.719,21.1,3.385,1.948,4227.63,12,298.245,4.97,0.3,7.7,41.047,0.9,130
"76","GIB","Europe",55,20,0,0,1632.483,593.63,0,0,9914,13638.1478773149,294.263,0.704237414321466,15123.6878734078,0.652384570702569,76.9023147587023,33691,3457.1,42.07,17.719625,11.83035,33562.2263023256,0.874193548387097,230.159414634146,6.55840909090909,23.4025,35.5925,94.2155,5.10404545454545,88
"77","GRC","Europe",2401,156,121,5,230.355,14.967,11.609,0.48,56944,1278,5.463,0.123,882,0.085,84.26,10423056,83.479,45.3,20.396,14.524,24574.382,1.5,175.695,4.55,35.3,52,94.2155,4.21,113
"78","GRL","North America",9,3,0,0,158.529,52.843,0,0,2511,104336.118421828,44.235,0.51562571519761,70118.6853920516,0.419774732524589,77.78,56772,0.137,33.128,9.945,6.22796,21655.2437037037,8.3,199.941,2.16,7.73125,20.1666666666667,75.9312142857143,2.31652173913043,88
"79","GRD","North America",7,6,0,0,62.212,53.324,0,0,4130,104336.118421828,36.712,0.51562571519761,70118.6853920516,0.419774732524589,74.9215045327897,112519,317.132,29.4,7.304,5.021,13593.877,8.3,243.964,10.71,7.73125,20.1666666666667,75.9312142857143,3.7,87
"80","GUM","Oceania",110,17,4,0,651.724,100.721,23.699,0,211336.600746269,11486.8203125,13.6942649253731,0.62640625,10614.2013888889,0.572368055555555,67.59,168783,304.128,31.4,9.551,5.493,23315.1805,0.95,310.496,21.52,15.375,29.325,95,2.91666666666667,97
"81","GTM","North America",7502,447,267,15,418.742,24.95,14.903,0.837,31427,104336.118421828,1.756,0.51562571519761,70118.6853920516,0.419774732524589,93.5318604651163,17915567,157.834,22.9,4.694,3.016,7423.808,8.7,155.898,10.18,7.73125,20.1666666666667,76.665,0.6,161
"82","GGY","Europe",114,23,2,2,1700.173,343.017,29.828,29.828,368329.318011682,13638.1478773149,35.2563776325551,0.704237414321466,15123.6878734078,0.652384570702569,76.9023147587023,67052,626.702125,42.07,17.719625,11.83035,33562.2263023256,0.874193548387097,230.159414634146,6.55840909090909,23.4025,35.5925,94.2155,5.10404545454545,95
"83","GIN","Africa",3067,204,19,1,233.538,15.534,1.447,0.076,14407,4016.05996680804,1.099,0.0868280980559793,3394.7138020026,0.0759311378276896,78.7,13132792,51.755,19,3.135,1.733,1998.926,35.3,336.717,2.42,2.55945945945946,27.0675675675676,17.45,0.3,143
"84","GNB","Africa",205,128,1,0,104.167,65.041,0.508,0,1500,4016.05996680804,0.763,0.0868280980559793,3394.7138020026,0.0759311378276896,71.5864093408156,1967998,66.191,19.4,3.002,1.565,1548.675,67.1,382.474,2.42,2.55945945945946,27.0675675675676,6.403,1.48829268292683,122
"85","GUY","South America",150,11,11,0,190.704,13.985,13.985,0,1920,5925.71031746032,2.442,0.246775793650794,5569.26458288269,0.209497224024804,90.74,786559,3.952,26.3,5.305,2.837,7435.047,2.86666666666667,373.159,11.62,10.9333333333333,24.6625,77.159,1.6,150
"86","HTI","North America",2924,284,50,0,256.434,24.907,4.385,0,8081,104336.118421828,0.709,0.51562571519761,70118.6853920516,0.419774732524589,81.8435135135135,11402533,398.448,24.3,4.8,2.954,1653.173,23.5,430.548,6.65,2.9,23.1,22.863,0.7,158
"87","HND","North America",6935,485,271,9,700.179,48.967,27.361,0.909,21540,104336.118421828,2.177,0.51562571519761,70118.6853920516,0.419774732524589,97.8574418604651,9904608,82.805,24.9,4.652,2.883,4541.795,16,240.208,7.21,2,20.1666666666667,84.169,0.7,162
"88","HKG","Asia",0,0,0,0,1188.82317391304,76.5575,7.11239130434783,0.43295652173913,241992,3958,32.279,0.528,2642,0.352,52.78,7496988,7039.714,44.8,16.303,10.158,56054.92,6.75483870967742,290.287260869565,8.33,4.68974358974359,39.0564102564103,72.0893461538462,2.9053488372093,153
"89","HUN","Europe",1190,210,77,11,123.184,21.738,7.971,1.139,29948,2122,3.1,0.22,1740,0.18,76.85,9660350,108.043,43.4,18.577,11.976,26777.561,0.5,278.296,7.55,26.8,34.8,94.2155,7.02,101
"90","ISL","Europe",1319,99,4,2,3865.201,290.11,11.722,5.861,23599,1445,69.155,4.234,1286,3.768,53.7,341250,3.404,37.3,14.431,9.207,46482.958,0.2,117.992,5.31,14.3,15.2,94.2155,2.91,94
"91","IDN","Asia",34316,1240,1959,36,125.459,4.533,7.162,0.132,94671.7375,3507.91891891892,0.34615,0.0127432432432432,3314.49367088608,0.0121772151898734,44.8461333333333,273523621,145.725,29.3,5.319,3.053,11188.744,5.7,342.864,6.32,2.8,76.1,64.204,1.04,163
"92","IRN","Asia",55743,5275,3452,292,663.663,62.803,41.099,3.476,189790,14551.3958333333,2.26,0.173291666666667,14000.5964912281,0.166614035087719,62.04,83992953,49.831,32.4,5.44,3.182,19082.62,0.2,270.308,9.59,0.8,21.1,72.0893461538462,1.5,96
"93","IRQ","Asia",12366,1268,346,28,307.44,31.525,8.602,0.696,349625,11590.3171981826,8.704,0.478731413513021,9322.55842395497,0.416967308344982,92.59,40222503,88.125,20,3.186,1.957,15663.986,2.5,218.612,8.83,4.68974358974359,39.0564102564103,94.576,1.4,160
"94","IRL","Europe",7393,1169,263,28,1497.227,236.745,53.263,5.671,161827.071428571,13638.1478773149,32.7732142857143,0.704237414321466,3950,0.8,90.74,4937796,69.874,38.7,13.928,8.678,67335.293,0.2,126.459,3.28,23,25.7,94.2155,2.96,101
"95","IMN","Europe",114,43,1,0,1340.672,505.692,11.76,0,5415,13638.1478773149,63.698,0.704237414321466,15123.6878734078,0.652384570702569,76.9023147587023,85032,147.872,42.07,17.719625,11.83035,33562.2263023256,0.874193548387097,230.159414634146,6.55840909090909,23.4025,35.5925,94.2155,5.10404545454545,95
"96","ISR","Asia",7428,1176,39,5,858.179,135.867,4.506,0.578,113608,6351,13.125,0.734,8367,0.967,87.96,8655541,402.606,30.6,11.733,7.359,33132.32,0.5,93.32,6.74,15.4,35.4,72.0893461538462,2.99,95
"97","ITA","Europe",53578,6557,4827,795,886.146,108.449,79.835,13.149,258402,25180,4.274,0.416,19072,0.315,91.67,60461828,205.859,47.9,23.021,16.24,35220.084,2,113.151,4.78,19.8,27.8,94.2155,3.18,82
"98","JAM","North America",350,45,7,0,118.197,15.197,2.364,0,15153,104336.118421828,5.118,0.51562571519761,70118.6853920516,0.419774732524589,87.04,2961161,266.879,31.4,9.684,6.39,8193.571,8.3,206.537,11.28,5.3,28.6,66.425,1.7,118
"99","JPN","Asia",6748,1401,98,10,53.354,11.077,0.775,0.079,77381,11590.3171981826,0.612,0.478731413513021,4677,0.037,45.37,126476458,347.778,48.2,27.049,18.493,39002.223,6.75483870967742,79.37,5.72,11.2,33.7,72.0893461538462,13.05,103
"100","JEY","Europe",118,37,2,0,1167.473,366.072,19.788,0,368329.318011682,13638.1478773149,35.2563776325551,0.704237414321466,15123.6878734078,0.652384570702569,76.9023147587023,101073,626.702125,42.07,17.719625,11.83035,33562.2263023256,0.874193548387097,230.159414634146,6.55840909090909,23.4025,35.5925,94.2155,5.10404545454545,95
"101","JOR","Asia",212,40,0,0,20.778,3.92,0,0,249413,11590.3171981826,24.46,0.478731413513021,9322.55842395497,0.416967308344982,100,10203140,109.285,23.2,3.81,2.361,8337.49,0.1,208.257,11.75,4.68974358974359,39.0564102564103,72.0893461538462,1.4,88
"102","KAZ","Asia",10858,476,38,1,578.27,25.351,2.024,0.053,812881,24592,43.292,1.31,22238,1.184,83.8,18776707,6.681,30.6,6.991,4.625,24055.588,0.1,466.792,7.11,7,43.1,98.999,6.7,152
"103","KEN","Africa",2767,167,84,1,51.459,3.106,1.562,0.019,29926.8059701493,1311.46551724138,0.556522388059701,0.0243793103448276,1014.93103448276,0.0188505747126437,80.0736363636364,53771300,87.324,20,2.686,1.528,2993.028,36.8,218.637,2.92,1.2,20.4,24.651,1.4,160
"104","OWID_KOS","Europe",1263,121,31,1,653.465,62.604,16.039,0.517,368329.318011682,13638.1478773149,35.2563776325551,0.704237414321466,15123.6878734078,0.652384570702569,90.7635897435897,1932774,168.155,42.07,17.719625,11.83035,9795.834,0.6,230.159414634146,6.55840909090909,23.4025,35.5925,94.2155,5.10404545454545,161
"105","KWT","Asia",16764,1073,121,3,3925.478,251.255,28.334,0.702,330129,11590.3171981826,77.368,0.478731413513021,9322.55842395497,0.416967308344982,100,4270563,232.128,33.7,2.345,1.114,65530.537,6.75483870967742,132.235,15.84,2.7,37,72.0893461538462,2,141
"106","KGZ","Asia",1216,78,14,0,186.383,11.956,2.146,0,147454,11590.3171981826,22.642,0.478731413513021,9322.55842395497,0.416967308344982,84.72,6524191,32.333,26.3,4.489,2.882,3393.474,1.4,436.362,7.11,3.6,50.5,89.22,4.5,139
"107","LAO","Asia",6,4,0,0,0.825,0.55,0,0,9676,11590.3171981826,1.331,0.478731413513021,9322.55842395497,0.416967308344982,28.7,7275556,29.715,24.4,4.029,2.322,6397.36,22.7,368.111,4,7.3,51.2,49.839,1.5,87
"108","LVA","Europe",376,71,0,0,199.342,37.642,0,0,14307,502,7.585,0.266,936,0.496,76.9023147587023,1886202,31.212,43.9,19.754,14.136,25063.846,0.7,350.06,4.91,25.6,51,94.2155,5.57,90
"109","LBN","Asia",230,67,4,0,33.697,9.816,0.586,0,103390,11590.3171981826,15.145,0.478731413513021,9322.55842395497,0.416967308344982,85.19,6825442,594.561,31.1,8.514,5.43,13367.565,6.75483870967742,266.591,12.71,26.9,40.7,72.0893461538462,2.9,82
"110","LSO","Africa",4,2,0,0,1.867,0.934,0,0,1515,4016.05996680804,0.707,0.0868280980559793,3394.7138020026,0.0759311378276896,62.04,2142252,73.562,22.2,4.506,2.647,2851.153,59.6,405.126,3.94,0.4,53.9,2.117,1.48829268292683,157
"111","LBR","Africa",31,17,4,1,6.129,3.361,0.791,0.198,63135.6170783045,4016.05996680804,7.34008733163451,0.0868280980559793,3394.7138020026,0.0759311378276896,81.48,5057677,49.127,19.2,3.057,1.756,752.788,38.6,272.509,2.42,1.5,18.1,1.188,0.8,100
"112","LBY","Africa",332,62,5,0,48.317,9.023,0.728,0,11765,4016.05996680804,1.714,0.0868280980559793,3394.7138020026,0.0759311378276896,93.3333333333333,6871287,3.623,29,4.424,2.816,17881.509,33.7642857142857,341.862,10.43,2.55945945945946,27.0675675675676,25.1552727272727,3.7,162
"113","LIE","Europe",25,18,0,0,655.531,471.983,0,0,900,13638.1478773149,23.608,0.704237414321466,15123.6878734078,0.652384570702569,76.9023147587023,38137,237.012,42.07,17.719625,11.83035,33562.2263023256,0.874193548387097,230.159414634146,7.77,23.4025,35.5925,94.2155,2.397,79
"114","LTU","Europe",771,122,9,0,283.217,44.815,3.306,0,21376,2944,7.852,1.081,2068,0.76,81.48,2722291,45.135,43.5,19.002,13.778,29524.265,0.7,342.989,3.67,21.3,38,94.2155,6.56,95
"115","LUX","Europe",1333,234,8,0,2129.475,373.816,12.78,0,52602.71875,1048.43103448276,84.033125,1.67486206896552,996.539682539683,1.59198412698413,79.63,625976,231.447,39.7,14.312,9.842,94277.965,0.2,128.275,4.42,20.9,26,94.2155,4.51,86
"116","MKD","Europe",2792,180,149,2,1340.13,86.398,71.518,0.96,41049,13638.1478773149,19.703,0.704237414321466,15123.6878734078,0.652384570702569,76.9023147587023,2083380,82.6,39.1,13.26,8.16,13111.214,5,322.688,10.08,23.4025,35.5925,94.2155,4.28,158
"117","MDG","Africa",527,79,2,0,19.031,2.853,0.072,0,15148,4016.05996680804,0.548,0.0868280980559793,3394.7138020026,0.0759311378276896,62.96,27691019,43.951,19.6,2.929,1.686,1416.44,77.6,405.994,3.94,2.55945945945946,27.0675675675676,50.54,0.2,146
"118","MWI","Africa",203,102,4,0,10.612,5.332,0.209,0,6690,4016.05996680804,0.35,0.0868280980559793,3394.7138020026,0.0759311378276896,57.41,19129955,197.519,18.1,2.979,1.783,1095.042,71.4,227.349,3.94,4.4,24.7,8.704,1.3,150
"119","MYS","Asia",8266,296,116,1,255.391,9.145,3.584,0.031,599454,8841,18.521,0.273,7584,0.234,75,32365998,96.254,29.9,6.293,3.407,26808.164,0.1,260.942,16.74,1,42.4,72.0893461538462,1.9,158
"120","MDV","Asia",468,191,1,1,865.798,353.349,1.85,1.85,7754,443,14.345,0.82,365,0.675,70.1410910283143,540542,1454.433,30.6,4.12,2.875,15183.616,6.75483870967742,164.905,9.19,2.1,55,95.803,2.9053488372093,122
"121","MLI","Africa",1461,110,85,7,72.145,5.432,4.197,0.346,3483,4016.05996680804,0.172,0.0868280980559793,3394.7138020026,0.0759311378276896,66.3289855072464,20250834,15.196,16.4,2.519,1.486,2014.306,33.7642857142857,268.024,2.42,1.6,23,52.232,0.1,157
"122","MLT","Europe",298,44,0,0,674.912,99.651,0,0,78788,13638.1478773149,178.462,0.704237414321466,15123.6878734078,0.652384570702569,76.9023147587023,441539,1454.037,42.4,19.426,11.324,36513.323,0.2,168.711,8.83,20.9,30.2,94.2155,4.485,99
"123","MRT","Africa",1162,215,61,18,249.911,46.24,13.119,3.871,7654,4016.05996680804,1.649,0.0868280980559793,3394.7138020026,0.0759311378276896,72.7921333333333,4649660,4.289,20.3,3.138,1.792,3597.633,6,232.347,2.42,2.55945945945946,27.0675675675676,15.95,1.48829268292683,162
"124","MUS","Africa",314,41,7,0,246.901,32.239,5.504,0,137789,4016.05996680804,108.353,0.0868280980559793,3394.7138020026,0.0759311378276896,82.41,1271767,622.962,37.4,10.945,5.884,20292.745,0.5,224.644,22.02,3.2,40.7,25.1552727272727,3.4,101
"125","MEX","North America",129184,4883,15357,708,1001.949,37.872,119.109,5.491,57736.1572327044,1873.98113207547,0.447798742138365,0.0144528301886792,1910.27631578947,0.0147171052631579,72.69,128932753,66.444,29.3,6.857,4.321,17336.469,2.5,152.783,13.06,6.9,21.4,87.847,1.38,163
"126","MDA","Europe",10321,296,371,6,2558.526,73.377,91.969,1.487,63328,13638.1478773149,15.697,0.704237414321466,15123.6878734078,0.652384570702569,80.56,4033963,123.655,37.6,10.864,6.955,5189.972,0.2,408.502,5.72,5.9,44.6,86.979,5.8,163
"127","MCO","Europe",42,9,0,0,1070.227,229.334,0,0,368329.318011682,13638.1478773149,35.2563776325551,0.704237414321466,15123.6878734078,0.652384570702569,76.9023147587023,39244,19347.5,42.07,17.719625,11.83035,33562.2263023256,0.874193548387097,230.159414634146,5.46,23.4025,35.5925,94.2155,13.8,88
"128","MNG","Asia",135,74,0,0,41.18,22.573,0,0,222760.246662944,11590.3171981826,18.5326948050684,0.478731413513021,9322.55842395497,0.416967308344982,62.96,3278292,1.98,28.6,4.031,2.421,11840.846,0.5,460.043,4.82,5.5,46.5,71.18,7,137
"129","MNE","Europe",174,30,2,0,277.043,47.766,3.184,0,368329.318011682,13638.1478773149,35.2563776325551,0.704237414321466,15123.6878734078,0.652384570702569,76.9023147587023,628062,46.28,39.1,14.762,9.395,16409.288,1,387.305,10.08,44,47.9,94.2155,3.861,95
"130","MSR","North America",5,4,0,0,1000.2,800.16,0,0,725110.390214974,104336.118421828,28.4241561972426,0.51562571519761,70118.6853920516,0.419774732524589,74.9215045327897,4999,270.565545454545,33.128,9.945,6.22796,21655.2437037037,8.3,197.066884615385,10.8809677419355,7.73125,20.1666666666667,75.9312142857143,2.31652173913043,87
"131","MAR","Africa",2564,281,135,5,69.465,7.613,3.657,0.135,13689,737,0.371,0.02,820,0.022,93.52,36910558,80.08,29.6,6.769,4.209,7485.013,1,419.146,7.14,0.8,47.1,25.1552727272727,1.1,109
"132","MOZ","Africa",411,57,2,0,13.15,1.824,0.064,0,63135.6170783045,4016.05996680804,7.34008733163451,0.0868280980559793,3394.7138020026,0.0759311378276896,55.8797297297297,31255435,37.728,17.7,3.158,1.87,1136.103,62.9,329.942,3.3,5.1,29.1,12.227,0.7,159
"133","MMR","Asia",62,21,4,0,1.14,0.386,0.074,0,2803,360,0.052,0.007,204,0.004,83.33,54409794,81.721,29.1,5.732,3.12,5591.597,6.4,202.104,4.61,6.3,35.2,79.287,0.9,105
"134","NAM","Africa",29,4,0,0,11.413,1.574,0,0,63135.6170783045,4016.05996680804,7.34008733163451,0.0868280980559793,3394.7138020026,0.0759311378276896,64.5710126582278,2540916,3.078,22,3.552,2.085,9541.808,13.4,243.811,3.94,9.7,34.2,44.6,1.48829268292683,159
"135","NPL","Asia",3448,536,13,2,118.338,18.396,0.446,0.069,16638.5555555556,1011.6,0.571046296296296,0.0346736842105263,672.76,0.023064,92.59,29136808,204.43,25,5.809,3.212,2442.804,15,260.797,7.26,9.5,37.8,47.782,0.3,160
"136","NLD","Europe",23097,1335,2511,115,1347.953,77.911,146.543,6.711,202613.461538462,13638.1478773149,11.8244615384615,0.704237414321466,5364,0.313,79.63,17134873,508.544,43.2,18.779,11.881,48472.545,0.874193548387097,109.361,5.29,24.4,27.3,94.2155,3.32,102
"137","NCL","Oceania",14,5,0,0,49.038,17.514,0,0,211336.600746269,11486.8203125,13.6942649253731,0.62640625,10614.2013888889,0.572368055555555,75.186,285491,15.342,33.4,9.954,6.489,23315.1805,0.95,286.065333333333,23.36,15.375,29.325,95,2.91666666666667,86
"138","NZL","Oceania",647,95,1,0,134.17,19.7,0.207,0,23777,2093,4.931,0.434,1855,0.385,96.3,4822233,18.206,37.9,15.322,9.72,36085.843,0.95,128.797,8.08,14.8,17.2,95,2.61,91
"139","NIC","North America",759,480,35,18,114.574,72.458,5.283,2.717,725110.390214974,104336.118421828,28.4241561972426,0.51562571519761,70118.6853920516,0.419774732524589,11.11,6624554,51.667,27.3,5.445,3.519,5321.444,3.2,137.016,11.47,7.73125,20.1666666666667,75.9312142857143,0.9,148
"140","NER","Africa",253,69,10,0,10.452,2.85,0.413,0,63135.6170783045,4016.05996680804,7.34008733163451,0.0868280980559793,3394.7138020026,0.0759311378276896,61.11,24206636,16.955,15.1,2.553,1.378,926,44.5,238.339,2.42,0.1,15.4,8.978,0.3,98
"141","NGA","Africa",13464,663,365,4,65.315,3.216,1.771,0.019,38772.9756097561,1747.56666666667,0.18809756097561,0.0084,1236.94642857143,0.00607142857142857,50.4729452054795,206139587,209.588,18.1,2.751,1.447,5338.454,33.7642857142857,181.013,2.42,0.6,10.8,41.949,1.48829268292683,162
"142","MNP","Oceania",6,4,0,0,104.244,69.496,0,0,211336.600746269,11486.8203125,13.6942649253731,0.62640625,10614.2013888889,0.572368055555555,75.186,57557,119.878,32.0714285714286,9.734,5.97857142857143,23315.1805,0.95,194.994,16.1142857142857,15.375,29.325,95,2.91666666666667,92
"143","NOR","Europe",3581,425,16,2,660.55,78.395,2.951,0.369,82584,4548,15.233,0.839,4733,0.873,75.93,5421242,14.462,39.7,16.821,10.813,64800.057,0.2,114.316,5.31,19.6,20.7,94.2155,3.6,88
"144","OMN","Asia",11437,1014,47,5,2239.641,198.566,9.204,0.979,222760.246662944,11590.3171981826,18.5326948050684,0.478731413513021,9322.55842395497,0.416967308344982,81.48,5106622,14.98,30.7,2.355,1.53,37960.709,6.75483870967742,266.342,12.61,0.5,15.6,97.4,1.6,153
"145","PAK","Asia",119536,5834,2356,101,541.151,26.411,10.666,0.457,218351.044444444,8209.97727272727,0.988477777777778,0.0371136363636364,7864.28571428571,0.0356071428571429,51.1601298701299,220892331,255.573,23.5,4.495,2.78,5034.708,4,423.031,8.35,2.8,36.7,59.607,0.6,163
"146","PSE","Asia",495,153,2,0,97.032,29.992,0.392,0,222760.246662944,11590.3171981826,18.5326948050684,0.478731413513021,9322.55842395497,0.416967308344982,94.44,5101416,778.202,20.4,3.043,1.726,4449.898,1,265.91,10.59,4.68974358974359,39.0564102564103,72.0893461538462,2.9053488372093,118
"147","PAN","North America",17889,656,413,10,4145.993,152.036,95.718,2.318,28510.6813186813,853.325842696629,6.60767032967033,0.197786516853933,840.2,0.194694117647059,81.2783908045977,4314768,55.133,29.7,7.918,5.03,22267.037,2.2,128.346,8.33,2.4,9.9,75.9312142857143,2.3,163
"148","PNG","Oceania",7,5,0,0,0.782,0.559,0,0,211336.600746269,11486.8203125,13.6942649253731,0.62640625,10614.2013888889,0.572368055555555,75,8947027,18.22,22.6,3.808,2.142,3823.194,0.95,561.494,17.65,23.5,48.8,95,2.91666666666667,108
"149","PRY","South America",689,126,10,0,96.6,17.666,1.402,0,15446,800,2.166,0.112,620,0.087,94.44,7132530,17.144,26.5,6.378,3.833,8827.01,1.7,199.128,8.27,5,21.6,79.602,1.3,131
"150","PER","South America",178914,8875,4894,260,5426.266,269.169,148.43,7.886,55102.8588235294,1858.97222222222,1.6712,0.0564305555555556,3135,0.095,84.7195555555556,32971846,25.129,29.1,7.151,4.455,12236.706,3.5,85.755,5.95,4.8,24.6625,65.9906666666667,1.6,156
"151","PHL","Asia",16634,1046,942,21,151.796,9.545,8.596,0.192,179290.675675676,6519.4347826087,1.63608108108108,0.0595217391304348,7026,0.064,77.78,109581085,351.873,25.2,4.803,2.661,7599.188,6.75483870967742,370.437,7.07,7.8,40.8,78.463,1,151
"152","POL","Europe",25048,653,1117,25,661.83,17.254,29.514,0.661,301138.505494506,10953.5568181818,7.95681318681319,0.289477272727273,10586.8023255814,0.279732558139535,53.7,37846605,124.027,41.8,16.763,10.202,27216.445,0.874193548387097,227.331,5.91,23.3,33.1,94.2155,6.62,157
"153","PRT","Europe",15472,1516,435,26,1517.353,148.675,42.661,2.55,185647,9101,18.207,0.893,9908,0.972,87.96,10196707,112.371,46.2,21.502,14.924,27936.896,0.5,127.842,9.85,16.3,30,94.2155,3.39,102
"154","PRI","North America",4508,485,140,0,1575.761,169.531,48.937,0,725110.390214974,104336.118421828,28.4241561972426,0.51562571519761,70118.6853920516,0.419774732524589,93.2454411764706,2860840,376.232,38.2,15.168,9.829,35044.67,8.3,108.094,12.9,7.73125,20.1666666666667,75.9312142857143,2.31652173913043,157
"155","QAT","Asia",55262,2355,36,0,19181.135,817.407,12.495,0,222069,4081,77.079,1.416,4847,1.682,83.33,2881060,227.322,31.9,1.307,0.617,116935.6,6.75483870967742,176.69,16.52,0.8,26.9,72.0893461538462,1.2,152
"156","ROU","Europe",5990,523,282,25,311.368,27.186,14.659,1.3,62328,3056,3.24,0.159,3386,0.176,87.04,19237682,85.129,43,17.85,11.69,23313.199,5.7,370.946,9.74,22.9,37.1,94.2155,6.892,103
"157","RUS","Europe",221344,11656,2009,94,1516.736,79.871,13.766,0.644,5805404,168641,39.781,1.156,192150,1.317,78.24,145934460,8.823,39.6,14.178,9.393,24765.954,0.1,431.297,6.18,23.4,58.3,94.2155,8.05,133
"158","RWA","Africa",176,22,0,0,13.588,1.699,0,0,24152,1275,1.865,0.098,1167,0.09,90.74,12952209,494.869,20.3,2.974,1.642,1854.211,56,191.375,4.28,4.7,21,4.617,1.48829268292683,116
"159","KNA","North America",7,5,0,0,131.599,93.999,0,0,725110.390214974,104336.118421828,28.4241561972426,0.51562571519761,70118.6853920516,0.419774732524589,74.9215045327897,53192,212.865,33.128,9.945,6.22796,24654.385,8.3,197.066884615385,12.84,7.73125,20.1666666666667,75.9312142857143,2.3,90
"160","LCA","North America",9,5,0,0,49.012,27.229,0,0,725110.390214974,104336.118421828,28.4241561972426,0.51562571519761,70118.6853920516,0.419774732524589,74.9215045327897,183629,293.187,34.9,9.721,6.405,12951.839,8.3,204.62,11.62,7.73125,20.1666666666667,87.202,1.3,90
"161","VCT","North America",25,7,0,0,225.333,63.093,0,0,725110.390214974,104336.118421828,28.4241561972426,0.51562571519761,70118.6853920516,0.419774732524589,74.9215045327897,110947,281.787,31.8,7.724,4.832,10727.146,8.3,252.675,11.62,7.73125,20.1666666666667,75.9312142857143,2.6,150
"162","SMR","Europe",187,36,20,0,5510.048,1060.758,589.31,0,368329.318011682,13638.1478773149,35.2563776325551,0.704237414321466,15123.6878734078,0.652384570702569,83.33,33938,556.667,42.07,17.719625,11.83035,56861.47,0.874193548387097,230.159414634146,5.64,23.4025,35.5925,94.2155,3.8,84
"163","STP","Africa",174,156,3,2,793.937,711.805,13.689,9.126,63135.6170783045,4016.05996680804,7.34008733163451,0.0868280980559793,3394.7138020026,0.0759311378276896,71.5864093408156,219161,212.841,18.7,2.886,2.162,3052.714,32.3,270.113,2.42,2.55945945945946,27.0675675675676,41.34,2.9,126
"164","SAU","Asia",112288,3717,819,36,3225.381,106.768,23.525,1.034,676321.666666667,18283.3666666667,19.4267575757576,0.525133333333333,17769.8571428571,0.510428571428571,80.6965217391304,34813867,15.322,31.9,3.295,1.845,49045.411,6.75483870967742,259.538,17.72,1.8,25.4,72.0893461538462,2.7,163
"165","SEN","Africa",1886,177,19,0,112.638,10.571,1.135,0,23589,1099,1.409,0.066,1043,0.062,72.22,16743930,82.328,18.7,3.008,1.796,2470.58,38,241.219,2.42,0.4,16.6,20.859,1.48829268292683,133
"166","SRB","Europe",5318,445,103,4,781.531,65.397,15.137,0.588,32566,3094,4.786,0.455,2618,0.385,100,6804596,80.291,41.2,17.366,11.83035,14048.881,0.874193548387097,439.415,10.08,37.7,40.2,97.719,5.609,108
"167","SYC","Africa",10,2,0,0,101.688,20.338,0,0,63135.6170783045,4016.05996680804,7.34008733163451,0.0868280980559793,3394.7138020026,0.0759311378276896,52.78,98340,208.354,36.2,8.606,5.586,26382.287,1.1,242.648,10.55,7.1,35.7,25.1552727272727,3.6,91
"168","SLE","Africa",707,86,40,1,88.63,10.781,5.014,0.125,63135.6170783045,4016.05996680804,7.34008733163451,0.0868280980559793,3394.7138020026,0.0759311378276896,73.15,7976985,104.7,19.1,2.538,1.285,1390.3,52.2,325.721,2.42,8.8,41.3,19.275,1.48829268292683,146
"169","SGP","Asia",8014,1426,11,0,1369.834,243.746,1.88,0,141572.555555556,11590.3171981826,24.199,0.478731413513021,3625,0.62,85.19,5850343,7915.731,42.4,12.922,7.049,85535.383,6.75483870967742,92.243,10.99,5.2,28.3,72.0893461538462,2.4,112
"170","SXM","North America",40,15,8,4,932.792,349.797,186.558,93.279,725110.390214974,104336.118421828,28.4241561972426,0.51562571519761,70118.6853920516,0.419774732524589,74.9215045327897,42882,1209.088,33.128,9.945,6.22796,36327.232,8.3,197.066884615385,10.8809677419355,7.73125,20.1666666666667,75.9312142857143,2.31652173913043,99
"171","SVK","Europe",977,114,8,2,178.949,20.88,1.465,0.366,40953,3144,7.501,0.576,2158,0.395,75,5459643,113.128,41.2,15.07,9.167,30155.152,0.7,287.959,7.29,23.1,37.7,94.2155,5.82,108
"172","SVN","Europe",691,59,9,0,332.382,28.38,4.329,0,21349,596,10.269,0.287,1105,0.532,78.7,2078932,102.619,44.5,19.062,12.93,31400.84,0.874193548387097,153.493,7.25,20.1,25,94.2155,4.5,89
"173","SOM","Africa",1828,97,72,5,115.018,6.103,4.53,0.315,63135.6170783045,4016.05996680804,7.34008733163451,0.0868280980559793,3394.7138020026,0.0759311378276896,48.15,15893219,23.5,16.8,2.731,1.496,5443.83713207547,33.7642857142857,365.769,6.05,2.55945945945946,27.0675675675676,9.831,0.9,150
"174","ZAF","Africa",40792,3267,848,56,687.791,55.085,14.298,0.944,850871,30196,14.346,0.509,24385,0.411,80.56,59308690,46.754,27.3,5.344,3.053,12294.876,18.9,200.38,5.52,8.1,33.2,43.993,2.32,157
"175","KOR","Asia",2931,909,16,3,57.169,17.73,0.312,0.059,85693,14753,1.671,0.288,9439,0.184,55.56,51269183,527.967,43.4,13.914,8.622,35938.374,0.2,85.998,6.8,6.2,40.9,72.0893461538462,12.27,60
"176","SSD","Africa",1317,323,14,4,117.655,28.855,1.251,0.357,63135.6170783045,4016.05996680804,7.34008733163451,0.0868280980559793,3394.7138020026,0.0759311378276896,76.8681132075472,11193729,103.492452830189,19.2,3.441,2.032,1569.888,33.7642857142857,280.775,10.43,2.55945945945946,27.0675675675676,25.1552727272727,1.48829268292683,157
"177","ESP","Europe",75641,9181,4089,655,1617.824,196.365,87.456,14.009,1805264.375,13638.1478773149,38.61125,0.704237414321466,37787.1956521739,0.808217391304348,71.76,46754783,93.105,45.5,19.436,13.799,34272.36,1,99.403,7.17,27.4,31.4,94.2155,2.97,87
"178","LKA","Asia",1469,150,10,0,68.602,7.005,0.467,0,222760.246662944,11590.3171981826,18.5326948050684,0.478731413513021,9322.55842395497,0.416967308344982,76.85,21413250,341.955,34.1,10.069,5.331,11669.077,0.7,197.093,10.68,0.3,27,72.0893461538462,3.6,149
"179","SDN","Africa",3138,410,121,10,71.563,9.35,2.759,0.228,63135.6170783045,4016.05996680804,7.34008733163451,0.0868280980559793,3394.7138020026,0.0759311378276896,85.19,43849269,23.258,19.7,3.548,2.034,4466.507,33.7642857142857,431.388,15.67,2.55945945945946,27.0675675675676,23.437,0.8,143
"180","SUR","South America",122,22,1,0,207.966,37.502,1.705,0,151682.199286988,5925.71031746032,23.2454727272727,0.246775793650794,5569.26458288269,0.209497224024804,75.5895945945946,586634,3.612,29.6,6.933,4.229,13767.119,2.86666666666667,258.314,12.54,7.4,42.9,67.779,3.1,160
"181","SWZ","Africa",371,31,3,0,319.782,26.72,2.586,0,63135.6170783045,4016.05996680804,7.34008733163451,0.0868280980559793,3394.7138020026,0.0759311378276896,77.4483333333333,1160164,79.492,21.5,3.163,1.845,7738.975,33.7642857142857,333.436,3.94,1.7,16.5,24.097,2.1,162
"182","SWE","Europe",40803,2214,4542,74,4040.193,219.224,449.735,7.327,120300,13638.1478773149,11.9118,0.704237414321466,6251,0.619,46.3,10099270,24.718,41,19.985,13.433,46949.283,0.5,133.982,4.79,18.8,18.9,94.2155,2.22,156
"183","CHE","Europe",12104,1390,197,36,1398.56,160.608,22.762,4.16,124398,5753,14.374,0.665,6315,0.73,76.85,8654618,214.243,43.1,18.436,12.644,57410.166,0.874193548387097,99.739,5.59,22.6,28.9,94.2155,4.53,88
"184","SYR","Asia",106,20,4,0,6.057,1.143,0.229,0,222760.246662944,11590.3171981826,18.5326948050684,0.478731413513021,9322.55842395497,0.416967308344982,71.3,17500657,591.597244444444,21.7,6.58471111111111,2.577,22938.0201111111,6.75483870967742,376.264,9.32911111111111,4.68974358974359,39.0564102564103,70.598,1.5,147
"185","TWN","Asia",108,31,1,0,4.535,1.302,0.042,0,21376,1362,0.898,0.057,755,0.032,27.78,23816775,591.597244444444,42.2,6.58471111111111,8.353,22938.0201111111,6.75483870967742,103.957,9.32911111111111,4.68974358974359,39.0564102564103,72.0893461538462,2.9053488372093,79
"186","TJK","Asia",3563,463,47,1,373.572,48.544,4.928,0.105,222760.246662944,11590.3171981826,18.5326948050684,0.478731413513021,9322.55842395497,0.416967308344982,48.15,9537642,64.281,23.3,3.466,2.155,2896.913,4.8,427.698,7.11,4.68974358974359,39.0564102564103,72.704,4.8,150
"187","TZA","Africa",480,174,16,6,8.036,2.913,0.268,0.1,63135.6170783045,4016.05996680804,7.34008733163451,0.0868280980559793,3394.7138020026,0.0759311378276896,50,59734213,64.699,17.7,3.108,1.874,2683.304,49.1,217.288,5.75,3.3,26.7,47.953,0.7,121
"188","THA","Asia",1651,263,10,3,23.653,3.768,0.143,0.043,275532.4,11590.3171981826,3.9474,0.478731413513021,6333.98,0.09082,68.06,69799978,135.132,40.1,11.373,6.89,16277.671,0.1,109.861,7.04,1.9,38.8,90.67,2.1,91
"189","TLS","Asia",18,12,0,0,13.652,9.102,0,0,222760.246662944,11590.3171981826,18.5326948050684,0.478731413513021,9322.55842395497,0.416967308344982,77.78,1318442,87.176,18,3.556,1.897,6570.102,30.3,335.346,6.86,6.3,78.1,28.178,5.9,108
"190","TGO","Africa",298,35,11,0,35.996,4.228,1.329,0,63135.6170783045,4016.05996680804,7.34008733163451,0.0868280980559793,3394.7138020026,0.0759311378276896,71.5864093408156,8278737,143.366,19.4,2.839,1.525,1429.813,49.2,280.033,6.15,0.9,14.2,10.475,0.7,138
"191","TTO","North America",49,40,0,0,35.013,28.582,0,0,725110.390214974,104336.118421828,28.4241561972426,0.51562571519761,70118.6853920516,0.419774732524589,54.63,1399491,266.886,36.2,10.014,5.819,28763.071,8.3,228.467,10.97,7.73125,20.1666666666667,89.443,3,82
"192","TUN","Africa",455,61,13,3,38.499,5.161,1.1,0.254,6693,749,0.566,0.063,572,0.048,90.74,11818618,74.228,32.7,8.001,5.075,10849.297,2,318.991,8.52,1.1,65.8,78.687,2.3,94
"193","TUR","Asia",52167,5138,1101,95,618.539,60.921,13.054,1.126,376100,35720,4.459,0.424,27808,0.33,80.56,84339067,104.914,31.6,8.153,5.061,25129.341,0.2,171.285,12.13,14.1,41.1,72.0893461538462,2.81,103
"194","TCA","North America",8,3,1,0,206.622,77.483,25.828,0,725110.390214974,104336.118421828,28.4241561972426,0.51562571519761,70118.6853920516,0.419774732524589,74.9215045327897,38718,37.312,33.128,9.945,6.22796,21655.2437037037,8.3,197.066884615385,10.8809677419355,7.73125,20.1666666666667,75.9312142857143,2.31652173913043,98
"195","UGA","Africa",413,84,0,0,9.029,1.836,0,0,97205,1319,2.125,0.029,1660,0.036,80.56,45741000,213.759,16.4,2.168,1.308,1697.707,41.6,213.333,2.5,3.4,16.7,21.222,0.5,152
"196","UKR","Europe",23204,822,696,27,530.574,18.796,15.914,0.617,348279,10961,7.964,0.251,10081,0.231,83.33,43733759,77.39,41.4,16.462,11.133,7894.393,0.1,539.849,7.11,13.5,47.4,94.2155,8.8,151
"197","ARE","Asia",27892,994,241,4,2820.108,100.501,24.367,0.404,222760.246662944,11590.3171981826,18.5326948050684,0.478731413513021,9322.55842395497,0.416967308344982,72.22,9890400,112.442,34,1.144,0.526,67293.483,6.75483870967742,317.84,17.26,1.2,37.4,72.0893461538462,1.2,144
"198","GBR","Europe",78991,8719,11599,839,1163.583,128.436,170.86,12.359,2024148.54545455,62716.1818181818,29.8168409090909,0.923909090909091,64880.1621621622,0.955756756756757,75.93,67886004,272.898,40.8,18.517,12.527,39753.244,0.2,122.137,4.28,20,24.7,94.2155,2.54,103
"199","USA","North America",939053,48529,53189,2172,2836.995,146.612,160.691,6.562,15294588.2352941,697030.5,46.2067058823529,2.1058,454619.904761905,1.37347619047619,72.69,331002647,35.608,38.3,15.413,9.732,54225.446,1.2,151.089,10.79,19.1,24.6,75.9312142857143,2.77,117
"200","VIR","North America",17,17,0,0,162.799,162.799,0,0,725110.390214974,104336.118421828,28.4241561972426,0.51562571519761,70118.6853920516,0.419774732524589,74.9215045327897,104423,306.48,42.2,18.601,10.799,21655.2437037037,8.3,273.67,12.26,7.73125,20.1666666666667,75.9312142857143,2.31652173913043,84
"201","URY","South America",295,36,1,1,84.923,10.364,0.288,0.288,3425,299,0.986,0.086,647.402985074627,0.186388059701493,62.96,3473727,19.751,35.6,14.655,10.361,20551.409,0.1,160.708,6.93,14,19.9,65.9906666666667,2.8,90
"202","UZB","Asia",796,172,4,1,23.783,5.139,0.12,0.03,222760.246662944,11590.3171981826,18.5326948050684,0.478731413513021,9322.55842395497,0.416967308344982,90.74,33469199,76.134,28.2,4.469,2.873,6253.104,6.75483870967742,724.417,7.57,1.3,24.7,72.0893461538462,4,103
"203","VAT","Europe",5,4,0,0,6180.47,4944.376,0,0,368329.318011682,13638.1478773149,35.2563776325551,0.704237414321466,15123.6878734078,0.652384570702569,76.9023147587023,809,626.702125,42.07,17.719625,11.83035,33562.2263023256,0.874193548387097,230.159414634146,6.55840909090909,23.4025,35.5925,94.2155,5.10404545454545,87
"204","VEN","South America",1121,177,10,0,39.422,6.225,0.352,0,151682.199286988,5925.71031746032,23.2454727272727,0.246775793650794,5569.26458288269,0.209497224024804,85.19,28435943,36.253,29,6.614,3.915,16745.022,2.86666666666667,204.85,6.47,10.9333333333333,24.6625,65.9906666666667,0.8,146
"205","VNM","Asia",121,26,0,0,1.243,0.267,0,0,75875.4864864865,2835.36363636364,0.779567567567568,0.0290909090909091,1887,0.019,50,97338583,308.127,32.6,7.15,4.718,6171.884,2,245.465,6,1,45.9,85.847,2.6,83
"206","ESH","Africa",23,17,1,1,38.505,28.46,1.674,1.674,63135.6170783045,4016.05996680804,7.34008733163451,0.0868280980559793,3394.7138020026,0.0759311378276896,71.5864093408156,597330,103.492452830189,28.4,3.66927777777778,1.38,5443.83713207547,33.7642857142857,287.297425925926,5.62944444444444,2.55945945945946,27.0675675675676,25.1552727272727,1.48829268292683,151
"207","YEM","Asia",453,50,103,15,15.188,1.676,3.453,0.503,222760.246662944,11590.3171981826,18.5326948050684,0.478731413513021,9322.55842395497,0.416967308344982,58.33,29825968,53.508,20.3,2.922,1.583,1479.147,18.8,495.003,5.35,7.6,29.2,49.542,0.7,157
"208","ZMB","Africa",654,208,7,0,35.574,11.314,0.381,0,63135.6170783045,4016.05996680804,7.34008733163451,0.0868280980559793,3394.7138020026,0.0759311378276896,43.52,18383956,22.995,17.7,2.48,1.542,3689.251,57.5,234.499,3.94,3.1,24.7,13.938,2,136
"209","ZWE","Africa",132,76,4,0,8.881,5.113,0.269,0,16440,186,1.106,0.013,194,0.013,87.96,14862927,42.729,19.6,2.822,1.882,1899.775,21.4,307.846,1.82,1.6,30.7,36.791,1.7,149
"210","OWID_WRL","World",6737150,133510,395710,4784,864.314,17.128,50.766,0.614,NA,NA,NA,NA,NA,NA,NA,7794798729,58.045,30.9,8.696,5.355,15469.207,10,233.07,8.51,6.434,34.635,60.13,2.705,158
"211","International","World",355,134,0,0,864.314,17.128,50.766,0.614,NA,NA,NA,NA,NA,NA,NA,7794798729,58.045,30.9,8.696,5.355,15469.207,10,233.07,8.51,6.434,34.635,60.13,2.705,47
